{
  "site": "utc4",
  "hdf5": "<institutional_utc_root>/utc_dataset4/hdf5_cache/utc_test.h5",
  "providers": [
    "CPUExecutionProvider"
  ],
  "results": {
    "crlite": {
      "top1": 0.9901719901719902,
      "top3": 0.9975429975429976,
      "mrr": 0.9942669942669942,
      "n_frames": 50,
      "n_cameras_with_match": 407,
      "latency_ms_mean": 56.21780380024575,
      "latency_ms_p50": 55.16057800559793,
      "latency_ms_p95": 71.97643035615329,
      "latency_ms_p99": 77.53896553011144,
      "latency_ms_std": 10.442578868319293,
      "latency_ms_min": 39.5602670032531,
      "latency_ms_max": 80.33502998296171,
      "throughput_fps_mean": 17.787959194443463,
      "n_iters": 50,
      "wall_seconds": 10.55303053400712
    },
    "crlite_2dpe": {
      "top1": 0.9975429975429976,
      "top3": 1.0,
      "mrr": 0.9987714987714987,
      "n_frames": 50,
      "n_cameras_with_match": 407,
      "latency_ms_mean": 58.20053817995358,
      "latency_ms_p50": 56.765202491078526,
      "latency_ms_p95": 74.94311900663888,
      "latency_ms_p99": 79.94190181139857,
      "latency_ms_std": 9.463695357546406,
      "latency_ms_min": 40.31964298337698,
      "latency_ms_max": 80.8361670060549,
      "throughput_fps_mean": 17.1819717011558,
      "n_iters": 50,
      "wall_seconds": 10.601036089996342
    },
    "crlite_vit_exp1": {
      "top1": 0.9680589680589681,
      "top3": 0.9926289926289926,
      "mrr": 0.9803040939404576,
      "n_frames": 50,
      "n_cameras_with_match": 407,
      "latency_ms_mean": 84.89280192181468,
      "latency_ms_p50": 81.95417300157715,
      "latency_ms_p95": 118.5906515980605,
      "latency_ms_p99": 142.6986124669201,
      "latency_ms_std": 20.20933729346205,
      "latency_ms_min": 52.89281500154175,
      "latency_ms_max": 156.9783620070666,
      "throughput_fps_mean": 11.7795617220997,
      "n_iters": 50,
      "wall_seconds": 12.12848986100289
    },
    "crlite_vit_exp3": {
      "top1": 0.9754299754299754,
      "top3": 0.9926289926289926,
      "mrr": 0.9843135468135469,
      "n_frames": 50,
      "n_cameras_with_match": 407,
      "latency_ms_mean": 80.53016110265162,
      "latency_ms_p50": 80.90306099620648,
      "latency_ms_p95": 109.74786726001183,
      "latency_ms_p99": 126.65564730385083,
      "latency_ms_std": 17.821471815701624,
      "latency_ms_min": 50.819013005821034,
      "latency_ms_max": 133.68547198479064,
      "throughput_fps_mean": 12.417707680049245,
      "n_iters": 50,
      "wall_seconds": 11.83515654198709
    },
    "calibrefine": {
      "top1": 0.9754299754299754,
      "top3": 1.0,
      "mrr": 0.9877149877149877,
      "n_frames": 50,
      "n_cameras_with_match": 407,
      "latency_ms_mean": 5468.40782664367,
      "latency_ms_p50": 5768.026356003247,
      "latency_ms_p95": 8679.14179665531,
      "latency_ms_p99": 9008.69926672487,
      "latency_ms_std": 2004.52080044942,
      "latency_ms_min": 2270.3048280091025,
      "latency_ms_max": 9033.915731008165,
      "throughput_fps_mean": 0.1828685847327827,
      "n_iters": 50,
      "wall_seconds": 375.70158513000933
    }
  }
}
